site,group,n_ref,n_target,ks_total_packets,p_total_packets,ks_incoming_packets,p_incoming_packets,ks_outgoing_packets,p_outgoing_packets,ks_in_out_packet_ratio,p_in_out_packet_ratio,ks_total_bytes,p_total_bytes,ks_incoming_bytes,p_incoming_bytes,ks_outgoing_bytes,p_outgoing_bytes,ks_in_out_byte_ratio,p_in_out_byte_ratio,ks_duration,p_duration,ks_mean_inter_arrival,p_mean_inter_arrival,ks_std_inter_arrival,p_std_inter_arrival,ks_median_inter_arrival,p_median_inter_arrival,ks_p90_inter_arrival,p_p90_inter_arrival,ks_max_packet_size,p_max_packet_size,ks_mean_packet_size,p_mean_packet_size,ks_std_packet_size,p_std_packet_size,ks_incoming_mean_packet_size,p_incoming_mean_packet_size,ks_outgoing_mean_packet_size,p_outgoing_mean_packet_size,ks_incoming_std_packet_size,p_incoming_std_packet_size,ks_outgoing_std_packet_size,p_outgoing_std_packet_size,ks_direction_changes,p_direction_changes,ks_mean,n_features_shifted
mit_ocw,static,32,5,1.0,5e-06,1.0,5e-06,1.0,5e-06,0.9375,9.6e-05,1.0,5e-06,0.9375,9.6e-05,1.0,5e-06,0.9375,9.6e-05,0.5625,0.086057,1.0,5e-06,1.0,5e-06,0.5,0.168611,1.0,5e-06,0.9375,9.6e-05,1.0,5e-06,0.875,0.000578,0.9062,0.000257,1.0,5e-06,0.7812,0.003749,0.9375,9.6e-05,1.0,5e-06,0.9196,18
aljazeera,news,31,5,0.3484,0.56406,0.9677,3.2e-05,1.0,5e-06,1.0,5e-06,1.0,5e-06,1.0,5e-06,1.0,5e-06,1.0,5e-06,0.7419,0.007438,0.9355,0.000111,0.2387,0.918449,0.9355,0.000111,1.0,5e-06,0.9677,3.2e-05,1.0,5e-06,0.7742,0.004329,0.871,0.000668,1.0,5e-06,0.8065,0.002451,1.0,5e-06,1.0,5e-06,0.8851,16
soundcloud,commerce_media,31,5,1.0,5e-06,0.9677,3.2e-05,0.9032,0.000297,0.9032,0.000297,0.8065,0.002451,0.9032,0.000297,0.8065,0.002451,0.9032,0.000297,0.4452,0.276032,0.871,0.000668,0.9032,0.000297,0.9355,0.000111,0.8065,0.002451,0.8065,0.002451,0.8065,0.002451,0.8065,0.002451,0.9032,0.000297,1.0,5e-06,0.871,0.000668,0.7742,0.004329,1.0,5e-06,0.863,13
coursera,commerce_media,30,5,0.9667,3.7e-05,0.9333,0.000129,0.9333,0.000129,0.9,0.000345,0.8667,0.000776,0.8333,0.001553,0.9,0.000345,0.9,0.000345,0.9333,0.000129,0.2667,0.87821,0.5667,0.093632,0.5333,0.134725,1.0,6e-06,0.9333,0.000129,1.0,6e-06,0.9333,0.000129,0.8667,0.000776,1.0,6e-06,0.8333,0.001553,0.9,0.000345,1.0,6e-06,0.8571,18
wordpress,static,31,5,0.9677,3.2e-05,0.7742,0.004329,0.9355,0.000111,0.9355,0.000111,0.9677,3.2e-05,1.0,5e-06,0.9355,0.000111,0.9355,0.000111,0.9355,0.000111,0.6129,0.045529,0.5484,0.097222,0.9677,3.2e-05,1.0,5e-06,0.9032,0.000297,0.9677,3.2e-05,0.5806,0.067084,0.5484,0.097222,1.0,5e-06,0.5806,0.067084,0.9032,0.000297,0.9677,3.2e-05,0.8556,15
theguardian,news,31,5,0.9677,3.2e-05,0.9677,3.2e-05,0.9032,0.000297,0.9032,0.000297,0.9032,0.000297,0.871,0.000668,0.8065,0.002451,0.6452,0.0306,1.0,5e-06,0.2129,0.961787,0.4774,0.209877,0.9355,0.000111,1.0,5e-06,0.7677,0.004838,1.0,5e-06,0.6065,0.053996,0.8065,0.002451,1.0,5e-06,0.6387,0.036542,0.9032,0.000297,0.9677,3.2e-05,0.823,13
github,static,34,5,0.9706,2.1e-05,0.8235,0.001605,0.9412,7.3e-05,0.9412,7.3e-05,0.9706,2.1e-05,0.9706,2.1e-05,0.9118,0.000195,0.9412,7.3e-05,0.8235,0.001605,0.8529,0.000875,0.8235,0.001605,0.7412,0.005825,0.3,0.73386,0.7941,0.002845,0.9706,2.1e-05,0.4706,0.222867,0.4118,0.358731,1.0,3e-06,0.5588,0.091014,0.9412,7.3e-05,1.0,3e-06,0.8171,15
bbc,news,31,5,0.9677,3.2e-05,0.8387,0.001337,0.9355,0.000111,0.8387,0.001337,0.8065,0.002451,0.8387,0.001337,0.7742,0.004329,0.4387,0.297089,0.9677,3.2e-05,0.4516,0.251597,0.9355,0.000111,0.6,0.055609,0.871,0.000668,0.9355,0.000111,0.9677,3.2e-05,0.7742,0.004329,0.6774,0.019831,1.0,5e-06,0.6774,0.019831,0.8387,0.001337,1.0,5e-06,0.816,13
origo,news,31,5,0.9355,0.000111,0.5806,0.067084,0.871,0.000668,0.871,0.000668,0.9355,0.000111,0.8387,0.001337,0.8387,0.001337,0.8387,0.001337,0.8065,0.002451,0.671,0.02373,0.5484,0.097222,0.6,0.055609,1.0,5e-06,1.0,5e-06,1.0,5e-06,0.671,0.02373,0.6452,0.0306,1.0,5e-06,0.6387,0.036542,0.871,0.000668,0.9677,3.2e-05,0.8157,13
bme,commerce_media,31,5,0.9677,3.2e-05,0.8,0.002584,0.9355,0.000111,0.9355,0.000111,0.7032,0.014706,0.7032,0.014706,0.871,0.000668,0.4194,0.326055,0.9677,3.2e-05,0.471,0.226588,0.8,0.002584,0.7355,0.008658,0.8065,0.002451,0.9677,3.2e-05,1.0,5e-06,0.7742,0.004329,0.6452,0.0306,1.0,5e-06,0.8387,0.001337,0.7355,0.008658,1.0,5e-06,0.8132,10
telex,news,31,5,1.0,5e-06,0.9677,3.2e-05,0.9355,0.000111,0.8065,0.002451,1.0,5e-06,1.0,5e-06,0.7742,0.004329,0.5742,0.078447,0.9677,3.2e-05,0.7419,0.007438,0.4839,0.18871,0.6129,0.045529,0.9032,0.000297,0.7742,0.004329,0.9355,0.000111,0.6129,0.045529,0.5484,0.097222,1.0,5e-06,0.5806,0.067084,0.8065,0.002451,1.0,5e-06,0.8108,10
techcrunch,news,31,5,0.9032,0.000297,0.9032,0.000297,0.9032,0.000297,0.9677,3.2e-05,0.9032,0.000297,0.9032,0.000297,0.9032,0.000297,0.5355,0.119859,0.9677,3.2e-05,0.3742,0.479925,0.3677,0.499363,0.9032,0.000297,0.9032,0.000297,0.9032,0.000297,1.0,5e-06,0.5161,0.137425,0.4129,0.353572,1.0,5e-06,0.7419,0.007438,1.0,5e-06,0.9677,3.2e-05,0.8086,15
reddit,commerce_media,31,3,1.0,0.000334,1.0,0.000334,0.9677,0.001337,0.7419,0.055147,0.9355,0.003342,0.9355,0.003342,0.871,0.011698,0.7419,0.055147,0.6022,0.190174,0.5806,0.223262,0.6452,0.128342,0.6022,0.190174,1.0,0.000334,0.5484,0.284091,0.9677,0.001337,0.5806,0.223262,0.7419,0.055147,1.0,0.000334,0.4839,0.428476,0.871,0.011698,1.0,0.000334,0.8008,7
mozilla,static,30,5,0.9333,0.000129,0.8333,0.001553,0.9,0.000345,0.9,0.000345,0.8,0.002994,0.8333,0.001553,0.7333,0.009962,0.6333,0.041659,0.9333,0.000129,0.4667,0.252393,0.5,0.187465,1.0,6e-06,0.9667,3.7e-05,0.6333,0.041659,0.8,0.002994,0.6667,0.027126,0.7,0.016862,1.0,6e-06,0.6333,0.041659,0.9,0.000345,0.9667,3.7e-05,0.7968,11
hacker_news,news,31,5,1.0,5e-06,1.0,5e-06,1.0,5e-06,0.7419,0.007438,0.7742,0.004329,0.8387,0.001337,0.5419,0.111742,0.4194,0.326055,0.7677,0.004838,0.3161,0.680221,0.2839,0.790362,0.8,0.002584,1.0,5e-06,1.0,5e-06,1.0,5e-06,0.7742,0.004329,0.8065,0.002451,1.0,5e-06,0.7097,0.012372,0.8065,0.002451,1.0,5e-06,0.7896,9
debian,static,31,5,1.0,5e-06,0.8387,0.001337,0.8387,0.001337,0.8387,0.001337,0.9677,3.2e-05,0.9677,3.2e-05,0.8065,0.002451,0.8065,0.002451,0.9355,0.000111,0.5806,0.067084,0.6452,0.0306,0.7097,0.012372,0.7677,0.004838,0.7742,0.004329,0.9677,3.2e-05,0.5161,0.137425,0.4839,0.18871,1.0,5e-06,0.6129,0.045529,0.4387,0.297089,1.0,5e-06,0.7856,10
wikipedia,static,34,5,1.0,3e-06,0.7941,0.002845,0.8824,0.000438,0.8824,0.000438,0.4,0.369199,0.4824,0.183656,0.6235,0.037544,0.8824,0.000438,1.0,3e-06,0.3529,0.550993,0.4118,0.358731,0.8,0.001702,1.0,3e-06,0.8529,0.000875,1.0,3e-06,0.7647,0.004922,0.8235,0.001605,1.0,3e-06,0.6471,0.031124,0.8824,0.000438,1.0,3e-06,0.7849,13
ebay,commerce_media,31,5,0.6774,0.019831,0.3548,0.533773,0.9677,3.2e-05,0.9032,0.000297,0.7097,0.012372,0.6774,0.019831,0.7419,0.007438,0.5742,0.078447,0.871,0.000668,0.6774,0.019831,0.4774,0.209877,1.0,5e-06,0.9032,0.000297,0.9032,0.000297,0.9677,3.2e-05,0.6774,0.019831,0.7742,0.004329,1.0,5e-06,0.6129,0.045529,0.7032,0.014706,1.0,5e-06,0.7702,9
duckduckgo,static,34,5,0.9118,0.000195,0.5882,0.064534,0.8235,0.001605,0.8235,0.001605,1.0,3e-06,0.8235,0.001605,0.8235,0.001605,0.8235,0.001605,1.0,3e-06,0.5059,0.152658,0.3882,0.420603,0.4706,0.222867,0.9412,7.3e-05,0.8824,0.000438,0.9706,2.1e-05,0.6765,0.020766,0.5294,0.125709,1.0,3e-06,0.6176,0.045082,0.5647,0.079367,0.9706,2.1e-05,0.7683,13
hwsw,news,31,5,0.9677,3.2e-05,0.8065,0.002451,0.9032,0.000297,0.9032,0.000297,0.9355,0.000111,0.8387,0.001337,0.9032,0.000297,0.9032,0.000297,0.7677,0.004838,0.2903,0.764483,0.4839,0.18871,0.5161,0.137425,0.7742,0.004329,0.871,0.000668,0.9677,3.2e-05,0.6065,0.053996,0.6774,0.019831,1.0,5e-06,0.6774,0.019831,0.271,0.836898,1.0,5e-06,0.765,11
hvg,news,31,5,0.9355,0.000111,0.4194,0.326055,0.8387,0.001337,0.8387,0.001337,0.9032,0.000297,0.7419,0.007438,0.2129,0.961787,0.7419,0.007438,0.9032,0.000297,0.8065,0.002451,0.5032,0.167558,0.8387,0.001337,0.9355,0.000111,0.871,0.000668,1.0,5e-06,0.5484,0.097222,0.5161,0.137425,1.0,5e-06,0.4839,0.18871,0.8387,0.001337,1.0,5e-06,0.7561,12
wired,news,31,5,0.9355,0.000111,0.8065,0.002451,0.871,0.000668,0.8387,0.001337,0.8387,0.001337,0.9032,0.000297,0.7097,0.012372,0.7097,0.012372,0.6452,0.0306,0.8065,0.002451,0.6129,0.045529,0.5161,0.137425,0.4194,0.326055,0.9355,0.000111,0.9355,0.000111,0.5161,0.137425,0.3226,0.650884,1.0,5e-06,0.5806,0.067084,0.4839,0.18871,1.0,5e-06,0.7327,9
archive,static,30,5,0.9667,3.7e-05,1.0,6e-06,0.9333,0.000129,0.6,0.06313,0.9667,3.7e-05,1.0,6e-06,0.9,0.000345,0.6,0.06313,0.4667,0.252393,0.5333,0.134725,0.5333,0.134725,0.9667,3.7e-05,0.6667,0.027126,0.3,0.780949,0.7,0.016862,0.4333,0.329481,0.4,0.42964,1.0,6e-06,0.4333,0.329481,0.8667,0.000776,0.9667,3.7e-05,0.7254,10
amazon,commerce_media,31,5,0.4516,0.251597,0.5097,0.15525,0.9355,0.000111,0.9032,0.000297,0.6065,0.053996,0.5419,0.111742,0.5419,0.111742,0.5419,0.111742,0.9032,0.000297,0.4839,0.18871,0.671,0.02373,0.6452,0.0306,0.6065,0.053996,0.871,0.000668,0.9032,0.000297,0.7355,0.008658,0.6387,0.036542,1.0,5e-06,0.7097,0.012372,0.9032,0.000297,1.0,5e-06,0.7192,8
twitch,commerce_media,31,5,0.6,0.055609,0.5677,0.082888,0.9032,0.000297,0.871,0.000668,0.5355,0.119859,0.471,0.226588,0.471,0.226588,0.4839,0.18871,1.0,5e-06,0.5161,0.137425,0.4065,0.378676,0.9677,3.2e-05,0.4,0.390321,0.9677,3.2e-05,1.0,5e-06,0.671,0.02373,0.4774,0.209877,1.0,5e-06,0.7097,0.012372,0.871,0.000668,1.0,5e-06,0.7091,9
index,news,31,5,0.9677,3.2e-05,0.6774,0.019831,0.7742,0.004329,0.7419,0.007438,0.3032,0.73262,0.3484,0.56406,0.6452,0.0306,0.6774,0.019831,0.9355,0.000111,0.871,0.000668,0.3742,0.479925,0.4065,0.378676,0.871,0.000668,0.8387,0.001337,0.9677,3.2e-05,0.5484,0.097222,0.4839,0.18871,1.0,5e-06,0.5161,0.137425,0.7419,0.007438,1.0,5e-06,0.6995,8
aliexpress,commerce_media,31,5,0.7032,0.014706,0.6065,0.053996,0.7097,0.012372,0.7742,0.004329,0.4065,0.378676,0.4,0.390321,0.5097,0.15525,0.3806,0.452259,0.7742,0.004329,0.6452,0.0306,0.471,0.226588,0.5032,0.167558,0.9032,0.000297,0.7742,0.004329,0.8065,0.002451,0.5806,0.067084,0.5161,0.137425,1.0,5e-06,0.4194,0.326055,0.7742,0.004329,1.0,5e-06,0.6504,3
